User ID,First Name,Last Name,Gender,Email,Date of birth,Job Title
03,Shelby,Terrell,Male,elijah57@gmail.com,26-10-1945,Games developer
01,Phillip,Summers,Female,bethany14@gmail.com,24-03-1910,Phytotherapist
02,Kristine,Travis,Male,bthompson@gmail.com,02-07-1992,Homeopath
04,Yesenia,Martinez,Male,kaitlinkaiser@gmail.com,03-08-2017,Market researcher
07,Lori,Todd,Male,buchananmanuel@gmail.com,01-12-1938,Veterinary surgeon
06,Erin,Day,Male,tconner@gmail.com,28-10-2015,Waste management officer
05,Katherine,Buck,Female,conniecowan@gmail.com,22-01-1989,Intelligence analyst
08,Ricardo,Hinton,Male,wyattbishop@gmail.com,26-03-1924,Hydrogeologist
11,Dave,Farrell,Male,nmccann@gmail.com,06-10-2018,Lawyer
10,Isaiah,Downs,Male,virginiaterrell@gmail.com,20-09-1964,"Engineer, site"
09,Sheila,Ross,Female,huangcathy@gmail.com,20-03-2008,Advertising account executive
12,Stacy,Newton,Male,rayleroy@gmail.com,20-10-1980,Warden/ranger
15,Mandy,Blake,Male,jefferynoble@gmail.com,08-12-2007,"Scientist, clinical (histocompatibility and immunogenetics)"
14,Bridget,Nash,Female,mercedes44@gmail.com,28-06-2004,Social worker
13,Crystal,Farmer,Male,pmiranda@gmail.com,09-03-1992,Agricultural consultant
